Country,EF2013,EF2009,GDP2013,GDP2009,EFDelta,GDPDelta,DDelta,EFDelta_P,GDPDelta_P,DDelta_P,DDelta_Rank,EFDelta_Rank,GDPDelta_Rank,Dec_Flag,GDP_std
Afghanistan,27270736.4938003,20868574.0167032,19731337261.0,14697331941.0,6402162.4770971015,5034005320.0,5027603157.5229025,30.67848561177593,34.2511507544919,3.572665142715973,102.0,149.0,140.0,0.0,28.05540003432355
Albania,6616186.32750213,6815357.2583161,12542465022.0,11500292411.0,-199170.93081397004,1042172611.0,1042371781.930814,-2.9223843045196443,9.062140107004275,11.98452441152392,62.0,34.0,47.0,1.0,26.929485822116472
Algeria,90957355.0691416,76216524.2224222,176325000000.0,155605000000.0,14740830.8467194,20720000000.0,20705259169.153282,19.340728270028855,13.315767488191256,-6.024960781837599,135.0,128.0,69.0,0.0,52.58094793082192
Angola,22957308.3984888,17607132.6724938,96261432368.0,79753199398.0,5350175.725995,16508232970.0,16502882794.274006,30.386411152300496,20.69914824058329,-9.687262911717205,142.0,148.0,101.0,0.0,40.041469459103965
Argentina,158699622.34092,119344051.76708001,457639000000.0,385956000000.0,39355570.57383999,71683000000.0,71643644429.42616,32.97656648246618,18.57284250018137,-14.403723982284813,146.0,151.0,93.0,0.0,96.6400743365627
Armenia,6193203.33075097,5844214.27306038,10736584306.0,9060944166.0,348989.0576905906,1675640140.0,1675291150.9423094,5.97153084032696,18.492997079571673,12.521466239244713,58.0,71.0,92.0,0.0,26.646650532227117
Australia,204837815.446699,216496001.565052,1241480000000.0,1119650000000.0,-11658186.11835301,121830000000.0,121841658186.11835,-5.384942924615629,10.881078908587504,16.266021833203133,44.0,26.0,56.0,1.0,219.40449310350022
Austria,51883277.7505137,49630216.9149849,404687000000.0,382851000000.0,2253060.835528806,21836000000.0,21833746939.16447,4.539695724860991,5.703524347592144,1.1638286227311534,115.0,68.0,33.0,0.0,88.34678334700375
Azerbaijan,21861065.9894726,18768195.3779024,57238335961.0,50453518393.0,3092870.611570202,6784817568.0,6781724697.38843,16.479318065985904,13.447659913726326,-3.0316581522595776,131.0,116.0,70.0,0.0,33.92970986896831
Bangladesh,117772778.846691,100248357.281787,138597000000.0,109195000000.0,17524421.564904004,29402000000.0,29384475578.435097,17.481006213044274,26.926141306836392,9.445135093792118,72.0,119.0,119.0,0.0,46.67202508647081
Barbados,949884.13331456,1207194.63066241,4490584971.0,4435485769.0,-257310.49734785,55099202.0,55356512.49734785,-21.31474832742248,1.2422360226041793,22.556984350026656,25.0,3.0,14.0,1.0,25.668408161669884
Belarus,43935430.5042303,42138099.4580768,59927867090.0,51253510501.0,1797331.0461535007,8674356589.0,8672559257.953846,4.265334861487205,16.924414550747223,12.659079689260018,57.0,66.0,82.0,0.0,34.35094163128652
Belgium,76842363.50391391,77768005.216984,492609000000.0,470887000000.0,-925641.7130700946,21722000000.0,21722925641.71307,-1.19026032683675,4.612996323958827,5.803256650795577,91.0,41.0,28.0,1.0,102.11704189028828
Benin,13565077.101249302,11461191.387977,8063036668.0,6825749998.0,2103885.7132723015,1237286670.0,1235182784.2867277,18.35660571447499,18.126750472292937,-0.22985524218205455,120.0,125.0,88.0,0.0,26.22792208879945
Bermuda,368749.697193994,366116.196491398,5151445060.0,5867281537.0,2633.5007025960367,-715836477.0,-715839110.5007026,0.7193073477310398,-12.200479429627206,-12.919786777358246,145.0,50.0,3.0,0.0,25.771911429185046
Bhutan,3479548.25424817,2849623.00889237,1835844374.0,1419010481.0,629925.2453558003,416833893.0,416203967.7546442,22.105564258503378,29.374969288898438,7.26940503039506,86.0,134.0,122.0,0.0,25.252625258800936
Bolivia,31830193.987958197,27629934.5072771,23208056518.0,18870603598.0,4200259.480681095,4337452920.0,4333252660.519319,15.201843781333762,22.985236786276964,7.783393004943202,83.0,107.0,109.0,0.0,28.599920439356488
Bosnia and Herzegovina,12291774.026109101,12310976.7195724,17568163123.0,17032435469.0,-19202.693463299423,535727654.0,535746856.6934633,-0.15598025973658403,3.145337934642728,3.301318194379312,103.0,44.0,23.0,1.0,27.716605794492715
Botswana,6679456.86774574,6653148.26792079,15560888960.0,11778027472.0,26308.5998249501,3782861488.0,3782835179.400175,0.395430836132139,32.11795436029528,31.72252352416314,12.0,46.0,134.0,0.0,27.402228457856094
Brazil,615872753.082704,531817637.584366,2409740000000.0,2054210000000.0,84055115.49833792,355530000000.0,355445944884.50165,15.80525156708509,17.307383373657025,1.502131806571935,113.0,110.0,84.0,0.0,402.3762435843534
Bulgaria,22680547.278157398,26116832.5770542,52039981143.0,50582434410.0,-3436285.2988968007,1457546733.0,1460983018.2988968,-13.157358530206539,2.8815274511814466,16.038885981387985,45.0,9.0,20.0,1.0,33.11554856868409
Burkina Faso,20326395.7584631,17479473.332306,10785180292.0,8288546127.0,2846922.4261570983,2496634165.0,2493787242.573843,16.287232298328718,30.121496903626994,13.834264605298277,50.0,115.0,126.0,0.0,26.654261588520036
Burundi,6613951.14922747,7250208.06224618,2297622744.0,1952928500.0,-636256.91301871,344694244.0,345330500.9130187,-8.775705573635522,17.650121036177207,26.42582660981273,18.0,17.0,86.0,1.0,25.324948540170748
Cabo Verde,1118118.84144171,903479.4737200891,1762867521.0,1640251585.0,214639.36772162095,122615936.0,122401296.63227838,23.75697223511237,7.475434690709353,-16.28153754440302,147.0,141.0,39.0,0.0,25.241195694715895
Cambodia,18294262.5133832,15182321.9837159,13876856310.0,10609615491.0,3111940.5296672992,3267240819.0,3264128878.4703326,20.497131683843044,30.795091695561993,10.29796001171895,70.0,129.0,129.0,0.0,27.13847689413106
Cameroon,25769697.9247493,22486657.7756991,27160443493.0,22874787500.0,3283040.1490501985,4285655993.0,4282372952.85095,14.599947141091446,18.735282209725447,4.135335068634001,98.0,105.0,94.0,0.0,29.21893946199997
Canada,308461755.39851004,276879206.502054,1730690000000.0,1565140000000.0,31582548.896456063,165550000000.0,165518417451.10355,11.406616370890884,10.577328545689204,-0.8292878252016802,123.0,94.0,54.0,0.0,296.0240898137686
Central African Republic,5381556.35510898,5526940.40313146,1352053851.0,1927297142.0,-145384.04802247975,-575243291.0,-575097906.9519775,-2.630461655423458,-29.84715114572613,-27.21668949030267,150.0,35.0,1.0,0.0,25.176854455333082
Chad,18068927.9451055,16822435.4410686,12275999076.0,9385905830.0,1246492.5040368997,2890093246.0,2888846753.495963,7.409703002894803,30.791841494535856,23.38213849164105,22.0,76.0,128.0,0.0,26.887752183557286
Chile,76455632.5665068,62460474.5862978,252462000000.0,205703000000.0,13995157.980209,46759000000.0,46745004842.01979,22.406422738387537,22.731316509725186,0.3248937713376492,119.0,135.0,107.0,0.0,64.50545118040739
China,5009653687.30919,4252929833.1113296,7766510000000.0,5514130000000.0,756723854.1978602,2252380000000.0,2251623276145.8022,17.793001151967307,40.84742289354803,23.05442174158072,24.0,123.0,148.0,0.0,1241.348376348738
Colombia,89343293.7170968,85859687.13139509,333817000000.0,276054000000.0,3483606.585701719,57763000000.0,57759516393.4143,4.057325040528733,20.924529258768214,16.86720421823948,41.0,64.0,103.0,0.0,77.24719253966799
Comoros,788182.833394799,732365.6649899491,580236282.9,519073731.2,55817.168404849945,61162551.69999999,61106734.53159514,7.621488973765035,11.783018100069093,4.161529126304058,97.0,78.0,60.0,0.0,25.055973134833252
Congo,5556632.01632539,4696991.37355941,13334057141.0,11041561163.0,859640.6427659802,2292495978.0,2291636337.357234,18.301942124167436,20.762426111283048,2.4604839871156123,109.0,124.0,102.0,0.0,27.053464213639145
Congo,54656142.7555294,51574592.5809501,25500497990.0,19166509369.0,3081550.1745793,6333988621.0,6330907070.82542,5.974938473324013,33.04716836569429,27.072229892370277,15.0,72.0,139.0,0.0,28.958960403924944
Costa Rica,11675431.483474901,9583816.19013174,41572792270.0,35510217687.0,2091615.2933431603,6062574583.0,6060482967.706656,21.82445126083338,17.072760962598828,-4.7516902982345535,132.0,133.0,83.0,0.0,31.47618757823118
Croatia,16116829.111541199,17475922.7758038,57591646782.0,60713512917.0,-1359093.664262602,-3121866135.0,-3120507041.335737,-7.776949358830587,-5.141962612619416,2.6349867462111707,108.0,19.0,6.0,0.0,33.985045067795795
Cuba,21083118.439808603,22007802.8183302,69954605015.0,62827666171.0,-924684.3785215952,7126938844.0,7127863528.378522,-4.201620607721138,11.343631362340263,15.5452519700614,47.0,28.0,58.0,1.0,35.92131962056118
Cyprus,3774867.62692295,5741441.05101511,23356225780.0,25229779225.0,-1966573.4240921596,-1873553445.0,-1871586871.575908,-34.25226187325326,-7.425960521856291,26.82630135139697,17.0,1.0,4.0,0.0,28.623126565762934
Czech Republic,55794066.5165049,58308093.014167294,208464000000.0,202371000000.0,-2514026.4976623952,6093000000.0,6095514026.497663,-4.311625312547187,3.010806884385609,7.3224321969327955,85.0,27.0,22.0,1.0,57.61452700457617
CÃ´te d'Ivoire,26335865.305145103,20642565.524460502,28681616270.0,24392355457.0,5693299.7806846015,4289260813.0,4283567513.2193155,27.580388561384485,17.584446982011688,-9.995941579372797,143.0,146.0,85.0,0.0,29.45718407004228
Denmark,34355274.6957122,38060702.268691495,322470000000.0,314697000000.0,-3705427.5729792938,7773000000.0,7776705427.572979,-9.73557331344187,2.469994947520949,12.205568260962819,60.0,14.0,19.0,1.0,75.47003638204365
Djibouti,2408004.49913318,1562672.30156371,1297930970.0,1090583938.0,845332.1975694699,207347032.0,206501699.80243054,54.09529539389521,19.01247806567274,-35.082817328222475,154.0,155.0,96.0,0.0,25.16837778209456
Dominica,161736.098810208,203575.82908543397,491169137.4,490525414.3,-41839.73027522597,643723.0999999642,685562.8302751902,-20.552405687448893,0.13123134525426855,20.68363703270316,30.0,4.0,12.0,1.0,25.042023524710103
Dominican Republic,15684077.9512712,14126200.681344,59894034107.0,49811705704.0,1557877.2699272,10082328403.0,10080770525.730072,11.02828216212896,20.240881657241392,9.212599495112432,74.0,92.0,99.0,0.0,34.34564274223486
Egypt,171292054.369118,146321022.47871298,232552000000.0,208189000000.0,24971031.89040503,24363000000.0,24338028968.109596,17.065922221831013,11.702347386269206,-5.363574835561806,134.0,117.0,59.0,0.0,61.38716625061968
El Salvador,11534909.1189998,11643748.5088296,22716943730.0,21129922272.0,-108839.38982979953,1587021458.0,1587130297.3898299,-0.9347452819619495,7.510777548401197,8.445522830363148,78.0,42.0,40.0,1.0,28.523002829831306
Estonia,9253852.50934398,8893818.82456169,22185920530.0,19061483444.0,360033.68478228897,3124437086.0,3124077052.3152175,4.048133786894768,16.39136374238219,12.343229955487422,59.0,63.0,81.0,0.0,28.43983449020661
Ethiopia,95726695.6505563,85404642.61808921,39984181570.0,26595865977.0,10322053.032467082,13388315593.0,13377993539.967533,12.086056115971394,50.33983704301323,38.25378092704184,2.0,99.0,151.0,0.0,31.227380907959482
Fiji,2927679.76927503,1964426.66808067,3486033014.0,3050380075.0,963253.1011943601,435652939.0,434689685.8988056,49.03482104198372,14.281923179687697,-34.752897862296024,153.0,154.0,73.0,0.0,25.51107620643624
Finland,36725584.285298795,35157018.2393422,248661000000.0,240615000000.0,1568566.0459565967,8046000000.0,8044431433.954043,4.461601479619523,3.3439311763605764,-1.1176703032589463,124.0,67.0,24.0,0.0,63.910142239266094
France,323422024.51603997,343227524.2243,2722570000000.0,2595970000000.0,-19805499.70826006,126600000000.0,126619805499.70827,-5.770370471605045,4.8767897934105555,10.6471602650156,66.0,25.0,30.0,1.0,451.3713754068289
Gambia,1715254.38549951,1975427.52185126,1010735774.0,894092762.5,-260173.13635175,116643011.5,116903184.63635175,-13.170472390094593,13.045963057999813,26.21643544809441,19.0,8.0,67.0,1.0,25.123397548463508
Georgia,7057686.71088837,6159381.96732926,13721005523.0,10953604844.0,898304.74355911,2767400679.0,2766502374.256441,14.584332459391533,25.264748166589968,10.680415707198435,65.0,104.0,115.0,0.0,27.114067694713796
Germany,439951136.61170304,424944420.62957,3577230000000.0,3283340000000.0,15006715.98213303,293890000000.0,293874993284.0179,3.5314538216315574,8.950946292494837,5.41949247086328,93.0,62.0,46.0,0.0,585.2273974104635
Ghana,50246042.9358142,43284567.0790414,43036444041.0,29819138460.0,6961475.856772803,13217305581.0,13210344105.143227,16.083043741804186,44.324907638528735,28.24186389672455,14.0,112.0,150.0,0.0,31.7054233019864
Greece,46510880.11423471,63928319.1073588,244004000000.0,316733000000.0,-17417438.99312409,-72729000000.0,-72711582561.00688,-27.24526350188232,-22.96224264601415,4.28302085586817,95.0,2.0,2.0,0.0,63.18076740661811
Grenada,323040.566354853,294419.45572735,786001370.8,774978091.9,28621.11062750296,11023278.899999976,10994657.789372474,9.721202206829638,1.4223987768446977,-8.29880342998494,139.0,89.0,16.0,0.0,25.088199863747114
Guatemala,26630100.5535062,23824482.6142659,45977071712.0,40185230155.0,2805617.939240299,5791841557.0,5789035939.06076,11.776196716063495,14.412861478359249,2.6366647622957533,107.0,97.0,74.0,0.0,32.165981561684845
Guinea,16414724.489460599,15112892.791235501,5232815182.0,4645999835.0,1301831.6982250977,586815347.0,585513515.3017749,8.61404706701867,12.630550319423334,4.016503252404663,99.0,84.0,64.0,0.0,25.784655538937308
Guinea-Bissau,2298634.73522262,2351332.47642793,916146733.4,810416063.8,-52697.74120530998,105730669.60000002,105783367.34120533,-2.2411862947330494,13.046467650731683,15.287653945464733,48.0,38.0,68.0,1.0,25.108583104474253
Guyana,2523984.93964874,2044694.34368711,2627239853.0,2164673351.0,479290.5959616299,462566502.0,462087211.40403837,23.44069652471115,21.36888236676962,-2.0718141579415317,128.0,139.0,105.0,0.0,25.376572852757132
Haiti,6333810.588638599,6024645.81487305,7494399817.0,7007815292.0,309164.77376554906,486584525.0,486275360.22623444,5.131667209420239,6.943455338434454,1.8117881290142153,110.0,69.0,36.0,0.0,26.13886273556011
Honduras,13396845.5227149,13340399.3042018,17482092985.0,15163860003.0,56446.21851309948,2318232982.0,2318176535.781487,0.4231224060536233,15.28788172365983,14.864759317606206,49.0,47.0,76.0,0.0,27.703125572783517
Hungary,32381414.1284617,33681433.150279105,133161000000.0,129382000000.0,-1300019.0218174048,3779000000.0,3780300019.021817,-3.8597497203192255,2.920808149510751,6.780557869829977,87.0,30.0,21.0,1.0,45.82064402779045
India,1360535261.88438,1195909973.1004698,1989650000000.0,1502410000000.0,164625288.78391027,487240000000.0,487075374711.21606,13.765692442308941,32.43056156441983,18.664869122110893,37.0,103.0,136.0,0.0,336.58215437518624
Indonesia,363759395.519184,339496620.016609,897262000000.0,710852000000.0,24262775.50257498,186410000000.0,186385737224.49744,7.146691328293044,26.223461423756284,19.07677009546324,34.0,75.0,117.0,0.0,165.49340310040304
Iran,231761935.051184,226085992.729672,444593000000.0,438921000000.0,5675942.321511984,5672000000.0,5666324057.678488,2.510523652077213,1.292259882757945,-1.2182637693192682,125.0,57.0,15.0,0.0,94.59682244334269
Iraq,64839766.48066371,48653218.6396868,180886000000.0,130182000000.0,16186547.840976909,50704000000.0,50687813452.15902,33.269223072064996,38.94854895454057,5.679325882475574,92.0,152.0,147.0,0.0,53.29528733638504
Ireland,22439331.4667848,23961886.442130104,221231000000.0,216945000000.0,-1522554.9753453024,4286000000.0,4287522554.975345,-6.354069739135089,1.9756159395238424,8.329685678658931,79.0,23.0,18.0,1.0,59.614082187830796
Israel,46581900.085693,37628978.481224,262441000000.0,221533000000.0,8952921.604469001,40908000000.0,40899047078.39553,23.792624636186453,18.46587190170313,-5.326752734483321,133.0,142.0,91.0,0.0,66.06835250207246
Italy,269332703.35777795,303803797.366943,2041290000000.0,2089940000000.0,-34471094.00916505,-48650000000.0,-48615528905.99084,-11.346498729747562,-2.327818023483928,9.018680706263634,75.0,12.0,9.0,0.0,344.66996119458537
Jamaica,5237173.7057594005,4133274.63543848,13404030752.0,13388911184.0,1103899.0703209206,15119568.0,14015668.929679079,26.70761484988556,0.11292604598100678,-26.594688803904553,149.0,145.0,11.0,0.0,27.064423412868884
Japan,633212871.74155,585433230.964764,5894240000000.0,5470750000000.0,47779640.77678597,423490000000.0,423442220359.2232,8.161415896744973,7.740986153635242,-0.42042974310973147,121.0,81.0,41.0,0.0,948.1152610552357
Jordan,14819284.675102802,13317566.9949774,28607718021.0,25821963958.0,1501717.6801254023,2785754063.0,2784252345.319875,11.276216449234019,10.788312103336102,-0.48790434589791687,122.0,93.0,55.0,0.0,29.445610197807504
Kenya,44920500.7401965,40997147.944745794,46904248573.0,36899279533.0,3923352.7954507098,10004969040.0,10001045687.20455,9.569818858468977,27.114266637787036,17.54444777931806,40.0,88.0,120.0,0.0,32.31119510427169
"Korea, Republic of",291752674.18696,269778293.279961,1194430000000.0,1027730000000.0,21974380.906998992,166700000000.0,166678025619.093,8.14534803368898,16.220213480194214,8.074865446505234,80.0,80.0,80.0,0.0,212.03556764159606
Laos,9633377.86236622,7672255.820277701,9023960565.0,6567765473.0,1961122.0420885189,2456195092.0,2454233969.9579115,25.561218082761155,37.397728376529074,11.836510293767919,64.0,144.0,145.0,0.0,26.37842105950201
Latvia,13131644.8882836,11301153.1744203,27011449391.0,24701165872.0,1830491.7138632983,2310283519.0,2308453027.2861366,16.197388758578562,9.35293310029071,-6.844455658287853,138.0,114.0,49.0,0.0,29.19560414995106
Lebanon,17872523.2923292,17782470.7600379,39972859919.0,35207296849.0,90052.5322913006,4765563070.0,4765473017.467709,0.5064118114209044,13.535725535643778,13.029313724222874,53.0,48.0,71.0,0.0,31.225607721937703
Lesotho,2976379.32171026,3232213.44842517,2754054731.0,2251474530.0,-255834.12671490991,502580201.0,502836035.1267149,-7.915137128074257,22.32226899764218,30.237406125716436,13.0,18.0,106.0,1.0,25.39643447620968
Liberia,4876851.36966788,4376117.74563546,1641989954.0,1218376790.0,500733.6240324201,423613164.0,423112430.37596756,11.442416615316828,34.768650180868924,23.326233565552094,23.0,95.0,142.0,0.0,25.22226396716564
Lithuania,18324727.4230903,14614025.019941,42336907128.0,36533481055.0,3710702.403149301,5803426073.0,5799715370.59685,25.391378474349168,15.885226114267967,-9.5061523600812,141.0,143.0,78.0,0.0,31.595862507730338
Luxembourg,7133413.07388185,6907213.06280526,55554172185.0,49539470199.0,226200.01107659005,6014701986.0,6014475785.988923,3.274837608451046,12.141231954720041,8.866394346268995,76.0,59.0,62.0,0.0,33.665937768416065
Macedonia TFYR,6341191.86711687,7249968.24472919,9863707082.0,9101472088.0,-908776.3776123198,762234994.0,763143770.3776124,-12.534901491092883,8.374853942638383,20.909755433731267,27.0,10.0,44.0,1.0,26.509941346232434
Madagascar,21805557.680788603,21084627.3887102,9330835549.0,8707027002.0,720930.2920784019,623808547.0,623087616.7079216,3.4192223499497327,7.1644264667688695,3.745204116819137,101.0,60.0,38.0,0.0,26.426483522482222
Malawi,13342429.216445401,11391973.0981939,7819248708.0,6509956216.0,1950456.1182515007,1309292492.0,1307342035.8817484,17.121319559302055,20.112155113763365,2.9908355544613094,106.0,118.0,98.0,0.0,26.18974025445833
Malaysia,124168292.221679,100852163.78048299,296507000000.0,238376000000.0,23316128.44119601,58131000000.0,58107683871.55881,23.11911571074112,24.38626371782394,1.2671480070828203,114.0,138.0,114.0,0.0,71.40373645074891
Mali,21590256.527710397,22133379.1567312,11184422458.0,10130347923.0,-543122.6290208027,1054074535.0,1054617657.6290208,-2.4538622194778075,10.405116813479061,12.858979032956869,55.0,36.0,53.0,1.0,26.716790510146033
Mauritania,9412264.15115477,8160246.22287499,5097687376.0,4140153157.0,1252017.9282797799,957534219.0,956282201.0717202,15.342894002022812,23.127990262414343,7.785096260391532,82.0,109.0,110.0,0.0,25.763491952747202
Mauritius,4211635.01833306,3971349.92790362,11137678212.0,9584152843.0,240285.09042943968,1553525369.0,1553285083.9095705,6.050463816878518,16.209313378538738,10.158849561660219,71.0,74.0,79.0,0.0,26.70946947157968
Mexico,316517298.756576,326333302.18007797,1153060000000.0,1000030000000.0,-9816003.423501968,153030000000.0,153039816003.4235,-3.0079686498208753,15.302540923772288,18.310509573593162,38.0,33.0,77.0,1.0,205.55623828221297
Moldova,7071813.73168941,6370821.15202493,6742700074.0,5426334311.0,700992.5796644799,1316365763.0,1315664770.4203355,11.003174676182415,24.258840085313718,13.255665409131304,52.0,91.0,111.0,0.0,26.021132249356082
Mongolia,21380936.8922696,17419751.3339415,10574804920.0,6759244981.0,3961185.5583280995,3815559939.0,3811598753.441672,22.73962172244061,56.449499163374085,33.709877440933475,7.0,137.0,154.0,0.0,26.621312801372568
Montenegro,2270989.14319854,2141877.81775679,4303726737.0,4039451560.0,129111.32544174977,264275177.0,264146065.67455825,6.027950071258935,6.542352917830262,0.5144028465713264,116.0,73.0,34.0,0.0,25.639142605914536
Morocco,56761318.717772305,56764179.2872225,105643000000.0,89790590993.0,-2860.5694501921535,15852409007.0,15852411867.56945,-0.005039391894874207,17.654866541902862,17.659905933797738,39.0,45.0,87.0,1.0,41.510801501527354
Mozambique,22204123.849482,18641696.162155498,12492636703.0,9517718743.0,3562427.687326502,2974917960.0,2971355532.3126736,19.109997590018583,31.25662819347298,12.146630603454398,61.0,127.0,130.0,0.0,26.92168175902183
Myanmar,76533872.03955759,79259177.47683342,60877582017.0,45187272895.0,-2725305.437275827,15690309122.0,15693034427.437275,-3.4384730248713518,34.7228503000369,38.16132332490825,3.0,31.0,141.0,1.0,34.49968506395646
Nepal,25927161.099253,22529911.4992727,18057549556.0,15267319043.0,3397249.5999802984,2790230513.0,2786833263.4000196,15.078841299886895,18.27583811631492,3.1969968164280242,105.0,106.0,90.0,0.0,27.79325302396868
Netherlands,97430716.40017791,94448545.6194855,839765000000.0,824870000000.0,2982170.7806924134,14895000000.0,14892017829.219307,3.157455481323121,1.8057390861590312,-1.3517163951640898,126.0,58.0,17.0,0.0,156.4882786097951
New Zealand,22832080.24006,20433767.0593659,157930000000.0,144603000000.0,2398313.1806941032,13327000000.0,13324601686.819305,11.737009498671107,9.21626798890756,-2.520741509763546,130.0,96.0,48.0,0.0,49.699940834717204
Nicaragua,8530623.65511815,8444618.6342795,10249669824.0,8470978895.0,86005.02083864994,1778690929.0,1778604923.9791613,1.0184595014098934,20.997466184809802,19.97900668339991,32.0,53.0,104.0,0.0,26.570390457324255
Niger,27445707.4849036,22661668.932708103,6886614682.0,5276949262.0,4784038.552195497,1609665420.0,1604881381.4478045,21.110707099293048,30.503712279202883,9.393005179909835,73.0,131.0,127.0,0.0,26.043672015970984
Nigeria,185014072.778551,178735635.50904298,425440000000.0,342232000000.0,6278437.269508034,83208000000.0,83201721562.7305,3.512694741385459,24.31333130741719,20.80063656603173,28.0,61.0,113.0,0.0,91.59709812088042
Norway,29304080.007229805,28695475.121729102,449010000000.0,425961000000.0,608604.885500703,23049000000.0,23048391395.1145,2.1209088991171594,5.411058758900462,3.2901498597833028,104.0,56.0,31.0,0.0,95.28860870827852
Oman,22137212.658875197,16328716.245056698,66176853056.0,55953966190.0,5808496.413818499,10222886866.0,10217078369.586182,35.57227847337322,18.270173791231652,-17.302104682141564,148.0,153.0,89.0,0.0,35.329651765100316
Pakistan,132093582.064528,142618735.130146,196970000000.0,174602000000.0,-10525153.065617993,22368000000.0,22378525153.065617,-7.3799231608759674,12.810849818444234,20.1907729793202,31.0,20.0,65.0,1.0,55.814347849228106
Panama,10699325.1508294,10115993.085319199,37655354226.0,27340384382.0,583332.0655102022,10314969844.0,10314386511.93449,5.766434007915257,37.727962050127694,31.961528042212436,11.0,70.0,146.0,0.0,30.862642223335037
Papua New Guinea,11059020.6536084,12417349.9110562,12265958484.0,9023602246.0,-1358329.2574477997,3242356238.0,3243714567.2574477,-10.938962557851141,35.93194989769499,46.87091245554613,1.0,13.0,143.0,1.0,26.886179635756193
Paraguay,25936804.8263947,21158214.1476113,23538668873.0,17711553670.0,4778590.678783398,5827115203.0,5822336612.321217,22.585037874393983,32.900079301738636,10.315041427344653,69.0,136.0,138.0,0.0,28.65170062640813
Peru,71636851.4145507,61740393.9005809,176195000000.0,136148000000.0,9896457.513969809,40047000000.0,40037103542.48603,16.029145408281394,29.414313834944327,13.385168426662933,51.0,111.0,123.0,0.0,52.5605874566445
Philippines,98248271.5030667,108766519.289804,236316000000.0,185438000000.0,-10518247.786737293,50878000000.0,50888518247.786736,-9.670483026777612,27.436663467034805,37.107146493812415,4.0,15.0,121.0,1.0,61.97668028757201
Poland,164997714.908171,177067801.65233,518568000000.0,462634000000.0,-12070086.744159013,55934000000.0,55946070086.744156,-6.816646861555579,12.090334908372494,18.906981769928073,35.0,21.0,61.0,1.0,106.18271534545447
Portugal,40486481.8876344,47930963.641945206,222002000000.0,233877000000.0,-7444481.754310809,-11875000000.0,-11867555518.24569,-15.531675536345812,-5.077455243568201,10.454220292777611,68.0,5.0,7.0,0.0,59.7348354616061
Romania,51995075.44937871,59095376.4386703,176895000000.0,169350000000.0,-7100300.989291593,7545000000.0,7552100300.989291,-12.014985633707482,4.45527015057573,16.47025578428321,42.0,11.0,27.0,1.0,52.67022077913829
Russian Federation,820211113.485553,748921356.822341,1666930000000.0,1459200000000.0,71289756.66321206,207730000000.0,207658710243.3368,9.518991014716569,14.235882675438596,4.716891660722027,94.0,87.0,72.0,0.0,286.03806032490553
Rwanda,9685789.99588021,8614010.61528514,6999339475.0,5310229469.0,1071779.3805950712,1689110006.0,1688038226.619405,12.442280703639385,31.808606687538987,19.3663259838996,33.0,100.0,132.0,0.0,26.061326863948146
Saint Kitts and Nevis,239947.898285811,203966.429504637,762224674.6,721236727.8,35981.468781174015,40987946.80000007,40951965.3312189,17.64087789768169,5.683008812519333,-11.957869085162358,144.0,120.0,32.0,0.0,25.084475980600928
Saint Lucia,429985.911946811,444026.648144014,1227587245.0,1263352430.0,-14040.73619720299,-35765185.0,-35751144.2638028,-3.1621381860507323,-2.8309744890426183,0.331163697008114,118.0,32.0,8.0,0.0,25.157360615968358
Samoa,442727.30331807706,448602.623358561,684046231.3,653657094.7,-5875.320040483959,30389136.599999905,30395011.920040388,-1.3096936430057182,4.649094585892499,5.958788228898217,89.0,40.0,29.0,1.0,25.072231748477538
Sao Tome and Principe,295126.831973859,274058.296793355,222852291.5,185103945.1,21068.535180503968,37748346.400000006,37727277.864819504,7.687610784646315,20.393053416342344,12.705442631696028,56.0,79.0,100.0,0.0,25.0
Senegal,15719467.710182998,16814579.88959,14199477561.0,12396054492.0,-1095112.1794070005,1803423069.0,1804518181.1794071,-6.512872677151991,14.548363514889912,21.061236192041903,26.0,22.0,75.0,1.0,27.189005522208536
Serbia,27711358.8167919,27228282.2834988,40625727368.0,39231060777.0,483076.5332930982,1394666591.0,1394183514.466707,1.7741719006118057,3.555006067584212,1.7808341669724064,111.0,55.0,25.0,0.0,31.32785918991187
Sierra Leone,7484485.61434628,6360775.92845375,3813207065.0,2483374322.0,1123709.6858925298,1329832743.0,1328709033.3141074,17.66623598334636,53.54942793839519,35.88319195504883,5.0,121.0,153.0,0.0,25.562317889643218
Singapore,36748626.806004904,36473264.7616205,272484000000.0,205155000000.0,275362.044384405,67329000000.0,67328724637.95561,0.7549695542312915,32.818600570300504,32.06363101606921,10.0,51.0,137.0,0.0,67.6412774417941
Slovenia,9699488.94923705,9925156.48998703,46517357748.0,47429405166.0,-225667.54074998014,-912047418.0,-911821750.45925,-2.273692520391434,-1.9229577406840548,0.3507347797073792,117.0,37.0,10.0,0.0,32.25060063771867
South Africa,180142776.281812,183202015.574841,405491000000.0,364276000000.0,-3059239.2930289805,41215000000.0,41218059239.29303,-1.6698720717836382,11.314223281248283,12.984095353031922,54.0,39.0,57.0,1.0,88.47270504883949
Spain,187128933.645967,217226969.020474,1357140000000.0,1431480000000.0,-30098035.37450698,-74340000000.0,-74309901964.62549,-13.855570286795372,-5.193226590661413,8.66234369613396,77.0,7.0,5.0,0.0,237.51905036011732
Sri Lanka,29373928.938418,25931952.2914653,69395796205.0,52516077579.0,3441976.6469527,16879718626.0,16876276649.353046,13.273110363100274,32.1420018481156,18.868891485015325,36.0,101.0,135.0,0.0,35.833799525591026
Swaziland,2545369.16628282,2099061.81514894,4988776858.0,4445837369.0,446307.3511338802,542939489.0,542493181.6488662,21.26223000737176,12.212311066208054,-9.049918941163705,140.0,132.0,63.0,0.0,25.74643449282883
Sweden,62874049.4929361,54122271.7100474,506162000000.0,460783000000.0,8751777.782888696,45379000000.0,45370248222.21711,16.170381446246633,9.848236588589423,-6.322144857657211,136.0,113.0,50.0,0.0,104.23969963280021
Switzerland,42892711.4989084,42190232.7262594,608548000000.0,564536000000.0,702478.7726489976,44012000000.0,44011297521.22735,1.6650270151550302,7.796137004548869,6.131109989393838,88.0,54.0,42.0,0.0,120.27529585687074
Tajikistan,7510016.38536005,6923127.23800183,6996226341.0,5297820245.0,586889.1473582201,1698406096.0,1697819206.8526418,8.477226074030808,32.05858291630278,23.581356842271973,21.0,83.0,133.0,0.0,26.060839287914163
Tanzania,62931648.6659183,50936408.4243593,38220903385.0,29530121807.0,11995240.241558999,8690781578.0,8678786337.758442,23.54944255516555,29.430225973331016,5.880783418165464,90.0,140.0,124.0,0.0,30.951217985241808
Thailand,173236437.330211,147153327.07770202,378584000000.0,317118000000.0,26083110.252508998,61466000000.0,61439916889.74749,17.725124379101683,19.382690355009807,1.657565975908124,112.0,122.0,97.0,0.0,84.25855675121025
Timor-Leste,839659.4312956841,515762.937140494,1109000000.0,854000000.0,323896.49415519007,255000000.0,254676103.5058448,62.79949000425374,29.859484777517565,-32.940005226736176,152.0,156.0,125.0,0.0,25.138787596433023
Togo,7011245.58994481,6467942.52454653,3626730618.0,3051036045.0,543303.0653982796,575694573.0,575151269.9346017,8.39993650741927,18.86882241012659,10.46888590270732,67.0,82.0,95.0,0.0,25.53311212899829
Tonga,304041.069532526,229266.715644885,371151991.2,356684132.7,74774.35388764102,14467858.5,14393084.146112358,32.614570186219375,4.056210291857482,-28.558359894361892,151.0,150.0,26.0,0.0,25.023226555432778
Trinidad and Tobago,11812406.3399733,13024441.1206245,22972510518.0,21445251800.0,-1212034.7806511987,1527258718.0,1528470752.780651,-9.305848668868517,7.121663724181593,16.427512393050108,43.0,16.0,37.0,1.0,28.563029452813456
Tunisia,24019071.0762716,21659182.025795102,46279699807.0,42556922174.0,2359889.050476499,3722777633.0,3720417743.9495234,10.895559433712586,8.747760511859614,-2.1477989218529725,129.0,90.0,45.0,0.0,32.2133788810203
Turkey,243073117.34882998,205202715.00399,846257000000.0,669810000000.0,37870402.34483999,176447000000.0,176409129597.65515,18.45511758657951,26.34284349293083,7.887725906351317,81.0,126.0,118.0,0.0,157.50504936640897
Turkmenistan,29014740.445125896,23971804.476406798,31713468423.0,20680547525.0,5042935.968719099,11032920898.0,11027877962.03128,21.03694769278795,53.3492688463044,32.31232115351645,9.0,130.0,152.0,0.0,29.93202981981849
Uganda,44780126.460675605,45077751.173966795,23745637611.0,19102581155.0,-297624.71329119056,4643056456.0,4643354080.713291,-0.6602474736208095,24.305911428020316,24.966158901641126,20.0,43.0,112.0,1.0,28.68411586983568
Ukraine,146164263.954174,130708440.52179399,143751000000.0,130531000000.0,15455823.43238002,13220000000.0,13204544176.56762,11.824655982949285,10.127862346875455,-1.6967936360738296,127.0,98.0,52.0,0.0,47.47923957808938
United Kingdom,322976417.764717,375214593.94871,2546400000000.0,2383950000000.0,-52238176.18399304,162450000000.0,162502238176.184,-13.922213321780799,6.814320770150381,20.73653409193118,29.0,6.0,35.0,1.0,423.77980051578425
United States of America,2724596443.94497,2707730347.31826,15802900000000.0,14594800000000.0,16866096.626709938,1208100000000.0,1208083133903.3733,0.6228868632880724,8.277605722586125,7.654718859298053,84.0,49.0,43.0,0.0,2500.0
Uruguay,11244987.4213697,11723279.749006901,45897324290.0,37368653370.0,-478292.3276372012,8528670920.0,8529149212.327638,-4.079850842744908,22.823061980732007,26.902912823476914,16.0,29.0,108.0,1.0,32.15349159763602
Uzbekistan,62619662.970641196,60154964.7236349,49777607129.0,36251401778.0,2464698.247006297,13526205351.0,13523740652.752995,4.097248262599208,37.3122270797503,33.21497881715109,8.0,65.0,144.0,0.0,32.76121774028633
Venezuela,99557169.422717,106005693.747007,439149000000.0,399753000000.0,-6448524.324289992,39396000000.0,39402448524.32429,-6.083186757571749,9.855085515305701,15.93827227287745,46.0,24.0,51.0,1.0,93.74418843240525
Viet Nam,151257591.454407,133220265.014704,136658000000.0,108935000000.0,18037326.439703003,27723000000.0,27704962673.560295,13.539476473577167,25.44912103547987,11.909644561902702,63.0,102.0,116.0,0.0,46.368340783163006
Yemen,24793651.721974697,23069311.4691158,28954923602.0,28696460069.0,1724340.2528588958,258463533.0,256739192.7471411,7.474606492557736,0.9006808936660835,-6.573925598891652,137.0,77.0,13.0,0.0,29.499989199855243
Zambia,14746246.804517902,11542128.352816,24183235705.0,18373423325.0,3204118.451701902,5809812380.0,5806608261.548298,27.760204649952403,31.620739789382718,3.860535139430315,100.0,147.0,131.0,0.0,28.75265205978164
Zimbabwe,17038723.9376461,15605863.3432148,12180644492.0,8459783044.0,1432860.5944312979,3720861448.0,3719428587.4055686,9.181552874832038,43.98294174504837,34.801388870216336,6.0,86.0,149.0,0.0,26.872817840901664
